#CODE;ENGLISH;FRENCH;GERMAN;;SPANISH;;;;;;;;;x
#k_P;P;P;P;;P;;;;;;;;;x
#k_P_adj;P;P;P;;P;;;;;;;;;x
k_prussia;Prussia;Prusse;Preussen;;Prusia;;;;;;;;;x
k_prussia_adj;Prussian;prussien;Preussischer;;prusiano;;;;;;;;;x
k_avalon;Avalon;Avalon;Avalon;;Avalon;;;;;;;;;x
k_avalon_adj;Avalonian;avalonienne;Avalonier;;avaloniana;;;;;;;;;x
k_cornwall;Cornwall;Cornouailles;Cornwall;;Cornual les;;;;;;;;;x
k_cornwall_adj;Cornish;cornouaillais;Kornischer;;C ornuallesa;;;;;;;;;x
k_of_mann_and_the_isles;Mann and the Isles;Mann and the Isles;Mann and the Isles;;Mann and the Isles;;;;;;;;;x
k_of_mann_and_the_isles_adj;Manx;manx;Manx;;de la reino de Mann;;;;;;;;;x
k_iceland;Iceland;Islande;Island;;Islandia;;;;;;;;;x
k_iceland;Icelandic;islandais;Isländisch;;islandés;;;;;;;;;x
k_alania;Alania;Alanie;Alania;;Alania;;;;;;;;;x
k_alania_adj;Alanian;alanien;Alanischer;;Alana;;;;;;;;;x
k_mallorca;Mallorca;Majorque;Mallorca;;Mallorca;;;;;;;;;x
k_mallorca_adj;Mallorcan;majorquin;Mallorquiner;;Mallorquina;;;;;;;;;x
k_genoa;Genoa;Genes;Genua;;Genova;;;;;;;;;x
k_genoa_adj;Genoese;genois;Genuanischer;;Genovesa;;;;;;;;;x
k_mercia;Mercia;Mercie;Mercia;;Mercia;;;;;;;;;x
k_mercia_adj;Mercian;mercian;Mercianischer;;Mercian;;;;;;;;;x
k_northumbria;Northumbria;Northumbria;Northumbria;;Northumbria;;;;;;;;;x
k_northumbria_adj;Northumbrian;northumbrian;Northumbrian;;Northumbrian;;;;;;;;;x
k_jorvik;Jórvík;Jórvík;Jórvík;;Jórvík;;;;;;;;;x
k_jorvik_adj;Jórvíkian;jórvíkian;Jórvíkian;;Jórvíkian;;;;;;;;;x
k_wessex;Wessex;Wessex;Wessex;;Wessex;;;;;;;;;x
k_wessex_adj;Wessexian;wessexian;Wessexian;;Wessexian;;;;;;;;;x
k_dublin;Dublin;Dublin;Dublin;;Dublin;;;;;;;;;x
k_dublin_adj;Dublinian;dublinian;Dublinian;;Dublinian;;;;;;;;;x
k_austria;Austria;Autriche;Osterreich;;Austria;;;;;;;;;x
k_austria_adj;Austrian;autrichien;Osterrechisches;;Austriaco;;;;;;;;;x
k_visigoth;the Visigoths;the Visigoths;the Visigoths;;the Visigoths;;;;;;;;;x
k_visigoth_adj;Visigothian;visigothian;Visigothianisch;;Visigothiano;;;;;;;;;x
ARCHDUKE;Archduke;Archduke;Archduke;;Archduke;;;;;;;;x;
ARCHDUKE_OF;Archduchy of;Archduchy of;Archduchy of;;Archduchy of;;;;;;;;x;